{
	"143": {
		"2": {
			"Ræða": {
				"count": 811,
				"minutes": 2322.9999999999995
			},
			"Andsvar": {
				"count": 681,
				"minutes": 973.67
			},
			"Flutningsræða": {
				"count": 84,
				"minutes": 571.4499999999999
			},
			"Um atkvæðagreiðslu": {
				"count": 58,
				"minutes": 55.949999999999996
			},
			"Um fundarstjórn": {
				"count": 27,
				"minutes": 27.670000000000005
			},
			"Grein fyrir atkvæði": {
				"count": 31,
				"minutes": 23.53
			},
			"Samtals": {
				"count": 1741,
				"minutes": 4116.61
			},
			"Svar": {
				"count": 49,
				"minutes": 141.34
			}
		},
		"23": {
			"Ræða": {
				"count": 862,
				"minutes": 4731.739999999999
			},
			"Andsvar": {
				"count": 1117,
				"minutes": 1958.08
			},
			"Flutningsræða": {
				"count": 42,
				"minutes": 334.46000000000004
			},
			"Grein fyrir atkvæði": {
				"count": 83,
				"minutes": 79.48
			},
			"Um fundarstjórn": {
				"count": 133,
				"minutes": 155.74
			},
			"Um atkvæðagreiðslu": {
				"count": 91,
				"minutes": 96.77
			},
			"Samtals": {
				"count": 2328,
				"minutes": 7356.27
			}
		},
		"35": {
			"Ræða": {
				"count": 1289,
				"minutes": 3365.79
			},
			"Andsvar": {
				"count": 862,
				"minutes": 1361.7800000000002
			},
			"Flutningsræða": {
				"count": 129,
				"minutes": 980.1800000000001
			},
			"Samtals": {
				"count": 2504,
				"minutes": 6049.479999999999
			},
			"Grein fyrir atkvæði": {
				"count": 58,
				"minutes": 51.440000000000005
			},
			"Um atkvæðagreiðslu": {
				"count": 75,
				"minutes": 76.64999999999999
			},
			"Um fundarstjórn": {
				"count": 30,
				"minutes": 30.349999999999994
			},
			"Svar": {
				"count": 61,
				"minutes": 183.29
			}
		},
		"38": {
			"Ræða": {
				"count": 1028,
				"minutes": 4731.24
			},
			"Andsvar": {
				"count": 1398,
				"minutes": 2450.17
			},
			"Flutningsræða": {
				"count": 26,
				"minutes": 267.16
			},
			"Um fundarstjórn": {
				"count": 277,
				"minutes": 327.73
			},
			"Um atkvæðagreiðslu": {
				"count": 112,
				"minutes": 122.42999999999999
			},
			"Grein fyrir atkvæði": {
				"count": 105,
				"minutes": 100.03
			},
			"Samtals": {
				"count": 2947,
				"minutes": 7999.829999999999
			},
			"Ber af sér sakir": {
				"count": 1,
				"minutes": 1.07
			}
		},
		"43": {
			"Ræða": {
				"count": 275,
				"minutes": 980.7500000000001
			},
			"Andsvar": {
				"count": 321,
				"minutes": 492.78000000000003
			},
			"Flutningsræða": {
				"count": 8,
				"minutes": 89.10000000000001
			},
			"Um atkvæðagreiðslu": {
				"count": 51,
				"minutes": 49.13
			},
			"Um fundarstjórn": {
				"count": 44,
				"minutes": 46.11
			},
			"Grein fyrir atkvæði": {
				"count": 31,
				"minutes": 24.97
			},
			"Samtals": {
				"count": 730,
				"minutes": 1682.84
			}
		},
		"44": {
			"Ræða": {
				"count": 404,
				"minutes": 1473.2199999999998
			},
			"Andsvar": {
				"count": 288,
				"minutes": 432.21999999999997
			},
			"Flutningsræða": {
				"count": 21,
				"minutes": 157.07
			},
			"Um atkvæðagreiðslu": {
				"count": 49,
				"minutes": 48.190000000000005
			},
			"Grein fyrir atkvæði": {
				"count": 30,
				"minutes": 24.740000000000002
			},
			"Um fundarstjórn": {
				"count": 20,
				"minutes": 23.59
			},
			"Samtals": {
				"count": 812,
				"minutes": 2159.0300000000007
			}
		}
	},
	"144": {
		"2": {
			"Ræða": {
				"count": 1047,
				"minutes": 3449.1
			},
			"Andsvar": {
				"count": 1005,
				"minutes": 1486.1799999999996
			},
			"Flutningsræða": {
				"count": 90,
				"minutes": 676.21
			},
			"Um atkvæðagreiðslu": {
				"count": 64,
				"minutes": 66.16
			},
			"Grein fyrir atkvæði": {
				"count": 60,
				"minutes": 53.260000000000005
			},
			"Um fundarstjórn": {
				"count": 52,
				"minutes": 56.39999999999999
			},
			"Samtals": {
				"count": 2381,
				"minutes": 5985.799999999998
			},
			"Svar": {
				"count": 63,
				"minutes": 198.49
			}
		},
		"23": {
			"Ræða": {
				"count": 1389,
				"minutes": 6575.1900000000005
			},
			"Andsvar": {
				"count": 1654,
				"minutes": 2930.8299999999995
			},
			"Um fundarstjórn": {
				"count": 335,
				"minutes": 395.45000000000005
			},
			"Grein fyrir atkvæði": {
				"count": 151,
				"minutes": 157.50999999999996
			},
			"Flutningsræða": {
				"count": 27,
				"minutes": 229.35999999999999
			},
			"Um atkvæðagreiðslu": {
				"count": 131,
				"minutes": 147.08
			},
			"Samtals": {
				"count": 3687,
				"minutes": 10435.42
			}
		},
		"35": {
			"Ræða": {
				"count": 1425,
				"minutes": 3264.810000000001
			},
			"Flutningsræða": {
				"count": 100,
				"minutes": 791.8800000000001
			},
			"Um fundarstjórn": {
				"count": 60,
				"minutes": 68.45
			},
			"Samtals": {
				"count": 2841,
				"minutes": 6215.279999999999
			},
			"Andsvar": {
				"count": 1032,
				"minutes": 1684.93
			},
			"Grein fyrir atkvæði": {
				"count": 85,
				"minutes": 80.81000000000003
			},
			"Um atkvæðagreiðslu": {
				"count": 60,
				"minutes": 64.69
			},
			"Svar": {
				"count": 79,
				"minutes": 259.71
			}
		},
		"38": {
			"Ræða": {
				"count": 1635,
				"minutes": 6631.9
			},
			"Andsvar": {
				"count": 1938,
				"minutes": 3460
			},
			"Flutningsræða": {
				"count": 29,
				"minutes": 235.54999999999998
			},
			"Um fundarstjórn": {
				"count": 373,
				"minutes": 440.45
			},
			"Grein fyrir atkvæði": {
				"count": 158,
				"minutes": 162.89999999999998
			},
			"Um atkvæðagreiðslu": {
				"count": 135,
				"minutes": 151.85
			},
			"Samtals": {
				"count": 4268,
				"minutes": 11082.65
			}
		},
		"43": {
			"Ræða": {
				"count": 579,
				"minutes": 1877.49
			},
			"Andsvar": {
				"count": 626,
				"minutes": 1004.8
			},
			"Flutningsræða": {
				"count": 14,
				"minutes": 118.4
			},
			"Um fundarstjórn": {
				"count": 109,
				"minutes": 120.60999999999999
			},
			"Grein fyrir atkvæði": {
				"count": 68,
				"minutes": 63.550000000000004
			},
			"Um atkvæðagreiðslu": {
				"count": 74,
				"minutes": 70.75999999999999
			},
			"Samtals": {
				"count": 1470,
				"minutes": 3255.61
			}
		},
		"44": {
			"Ræða": {
				"count": 662,
				"minutes": 2265.27
			},
			"Andsvar": {
				"count": 554,
				"minutes": 879.3199999999999
			},
			"Flutningsræða": {
				"count": 25,
				"minutes": 230.09
			},
			"Grein fyrir atkvæði": {
				"count": 63,
				"minutes": 64.6
			},
			"Um fundarstjórn": {
				"count": 104,
				"minutes": 121.21999999999998
			},
			"Um atkvæðagreiðslu": {
				"count": 67,
				"minutes": 68.86000000000001
			},
			"Samtals": {
				"count": 1475,
				"minutes": 3629.3599999999997
			}
		}
	},
	"145": {
		"2": {
			"Flutningsræða": {
				"count": 179,
				"minutes": 1544.96
			},
			"Ræða": {
				"count": 1059,
				"minutes": 3193.96
			},
			"Andsvar": {
				"count": 719,
				"minutes": 1153.9
			},
			"Um atkvæðagreiðslu": {
				"count": 147,
				"minutes": 152.38
			},
			"Grein fyrir atkvæði": {
				"count": 96,
				"minutes": 91.9
			},
			"Samtals": {
				"count": 2278,
				"minutes": 6306.39
			},
			"Svar": {
				"count": 44,
				"minutes": 132.51
			},
			"Um fundarstjórn": {
				"count": 34,
				"minutes": 36.78
			}
		},
		"23": {
			"Ræða": {
				"count": 1244,
				"minutes": 6634.8600000000015
			},
			"Andsvar": {
				"count": 1401,
				"minutes": 2641.53
			},
			"Flutningsræða": {
				"count": 126,
				"minutes": 897.1299999999999
			},
			"Um atkvæðagreiðslu": {
				"count": 157,
				"minutes": 175.6
			},
			"Grein fyrir atkvæði": {
				"count": 136,
				"minutes": 140.59000000000003
			},
			"Um fundarstjórn": {
				"count": 211,
				"minutes": 259.54
			},
			"Samtals": {
				"count": 3277,
				"minutes": 10751.050000000001
			},
			"Ber af sér sakir": {
				"count": 2,
				"minutes": 1.8
			}
		},
		"35": {
			"Ræða": {
				"count": 1264,
				"minutes": 3360.0099999999998
			},
			"Flutningsræða": {
				"count": 212,
				"minutes": 1756.24
			},
			"Andsvar": {
				"count": 873,
				"minutes": 1516.37
			},