{
	"2": {
		"Ræða": {
			"count": 8741,
			"minutes": 36841.50999999998
		},
		"Andsvar": {
			"count": 9040,
			"minutes": 15030.260000000002
		},
		"Flutningsræða": {
			"count": 826,
			"minutes": 6452.200000000001
		},
		"Grein fyrir atkvæði": {
			"count": 916,
			"minutes": 838.9599999999999
		},
		"Um atkvæðagreiðslu": {
			"count": 734,
			"minutes": 757.4999999999999
		},
		"Um fundarstjórn": {
			"count": 650,
			"minutes": 702.1300000000001
		},
		"Samtals": {
			"count": 21081,
			"minutes": 61145.17000000001
		},
		"Ber af sér sakir": {
			"count": 2,
			"minutes": 1.8900000000000001
		},
		"Svar": {
			"count": 172,
			"minutes": 520.7199999999999
		}
	},
	"17": {
		"Ræða": {
			"count": 199,
			"minutes": 1175.26
		},
		"Andsvar": {
			"count": 296,
			"minutes": 505.63000000000005
		},
		"Grein fyrir atkvæði": {
			"count": 74,
			"minutes": 67
		},
		"Um atkvæðagreiðslu": {
			"count": 69,
			"minutes": 70.11
		},
		"Samtals": {
			"count": 660,
			"minutes": 2087.33
		},
		"Flutningsræða": {
			"count": 21,
			"minutes": 268.31
		},
		"Um fundarstjórn": {
			"count": 1,
			"minutes": 1.02
		}
	},
	"23": {
		"Ræða": {
			"count": 10357,
			"minutes": 47373.23000000001
		},
		"Andsvar": {
			"count": 10828,
			"minutes": 18517.43
		},
		"Flutningsræða": {
			"count": 1149,
			"minutes": 9321.570000000003
		},
		"Grein fyrir atkvæði": {
			"count": 921,
			"minutes": 912.0599999999998
		},
		"Um atkvæðagreiðslu": {
			"count": 879,
			"minutes": 937.3699999999999
		},
		"Um fundarstjórn": {
			"count": 974,
			"minutes": 1140.0200000000004
		},
		"Samtals": {
			"count": 25690,
			"minutes": 80017.73999999996
		},
		"Svar": {
			"count": 579,
			"minutes": 1812.9799999999998
		},
		"Ber af sér sakir": {
			"count": 3,
			"minutes": 3.08
		}
	},
	"32": {
		"Ræða": {
			"count": 1015,
			"minutes": 5616.43
		},
		"Flutningsræða": {
			"count": 95,
			"minutes": 867.8199999999999
		},
		"Andsvar": {
			"count": 673,
			"minutes": 1214.3
		},
		"Um atkvæðagreiðslu": {
			"count": 20,
			"minutes": 22.89
		},
		"Um fundarstjórn": {
			"count": 43,
			"minutes": 45.24
		},
		"Samtals": {
			"count": 1867,
			"minutes": 7783.16
		},
		"Grein fyrir atkvæði": {
			"count": 21,
			"minutes": 16.48
		}
	},
	"35": {
		"Ræða": {
			"count": 15189,
			"minutes": 68997.00000000003
		},
		"Flutningsræða": {
			"count": 1401,
			"minutes": 10209.869999999999
		},
		"Andsvar": {
			"count": 15931,
			"minutes": 26649.699999999993
		},
		"Samtals": {
			"count": 37038,
			"minutes": 111496.76000000007
		},
		"Svar": {
			"count": 509,
			"minutes": 1543.3400000000001
		},
		"Grein fyrir atkvæði": {
			"count": 1532,
			"minutes": 1415.3200000000002
		},
		"Um atkvæðagreiðslu": {
			"count": 1136,
			"minutes": 1195.1699999999994
		},
		"Um fundarstjórn": {
			"count": 1331,
			"minutes": 1477.5999999999997
		},
		"Ber af sér sakir": {
			"count": 9,
			"minutes": 8.76
		}
	},
	"38": {
		"Ræða": {
			"count": 12320,
			"minutes": 43279.63000000001
		},
		"Flutningsræða": {
			"count": 1256,
			"minutes": 8696.57
		},
		"Andsvar": {
			"count": 11875,
			"minutes": 19846.99000000001
		},
		"Grein fyrir atkvæði": {
			"count": 1055,
			"minutes": 965.0899999999998
		},
		"Samtals": {
			"count": 29333,
			"minutes": 77002.96999999996
		},
		"Um atkvæðagreiðslu": {
			"count": 1101,
			"minutes": 1114.9899999999996
		},
		"Svar": {
			"count": 550,
			"minutes": 1747.4
		},
		"Um fundarstjórn": {
			"count": 1169,
			"minutes": 1344.2799999999997
		},
		"Ber af sér sakir": {
			"count": 7,
			"minutes": 8.02
		}
	},
	"41": {
		"Ræða": {
			"count": 89,
			"minutes": 411.3500000000001
		},
		"Andsvar": {
			"count": 56,
			"minutes": 66.37
		},
		"Grein fyrir atkvæði": {
			"count": 8,
			"minutes": 5.03
		},
		"Samtals": {
			"count": 158,
			"minutes": 495.92999999999995
		},
		"Um fundarstjórn": {
			"count": 3,
			"minutes": 2.28
		},
		"Flutningsræða": {
			"count": 2,
			"minutes": 10.9
		}
	},
	"42": {
		"Ræða": {
			"count": 862,
			"minutes": 3855.6499999999996
		},
		"Andsvar": {
			"count": 714,
			"minutes": 982.81
		},
		"Flutningsræða": {
			"count": 45,
			"minutes": 466.1
		},
		"Grein fyrir atkvæði": {
			"count": 176,
			"minutes": 125.48000000000003
		},
		"Um fundarstjórn": {
			"count": 53,
			"minutes": 44.089999999999996
		},
		"Um atkvæðagreiðslu": {
			"count": 154,
			"minutes": 132.31
		},
		"Samtals": {
			"count": 2005,
			"minutes": 5606.8099999999995
		},
		"Ber af sér sakir": {
			"count": 1,
			"minutes": 0.37
		}
	},
	"43": {
		"Ræða": {
			"count": 2528,
			"minutes": 8780.39
		},
		"Andsvar": {
			"count": 2596,
			"minutes": 4136.27
		},
		"Um atkvæðagreiðslu": {
			"count": 436,
			"minutes": 408.8499999999999
		},
		"Flutningsræða": {
			"count": 105,
			"minutes": 877.2299999999999
		},
		"Grein fyrir atkvæði": {
			"count": 273,
			"minutes": 225.81999999999996
		},
		"Samtals": {
			"count": 6219,
			"minutes": 14728.939999999997
		},
		"Um fundarstjórn": {
			"count": 281,
			"minutes": 300.38000000000005
		}
	},
	"44": {
		"Ræða": {
			"count": 2107,
			"minutes": 7367.270000000001
		},
		"Andsvar": {
			"count": 1444,
			"minutes": 2275.36
		},
		"Um atkvæðagreiðslu": {
			"count": 248,
			"minutes": 250.85000000000005
		},
		"Samtals": {
			"count": 4277,
			"minutes": 11307.33
		},
		"Grein fyrir atkvæði": {
			"count": 183,
			"minutes": 178.58999999999995
		},
		"Flutningsræða": {
			"count": 124,
			"minutes": 974.37
		},
		"Um fundarstjórn": {
			"count": 143,
			"minutes": 164.97
		},
		"Svar": {
			"count": 28,
			"minutes": 95.92
		}
	},
	"45": {
		"Ræða": {
			"count": 567,
			"minutes": 1803.65
		},
		"Andsvar": {
			"count": 576,
			"minutes": 844.5900000000001
		},
		"Flutningsræða": {
			"count": 54,
			"minutes": 416.08999999999986
		},
		"Svar": {
			"count": 34,
			"minutes": 119.28999999999999
		},
		"Samtals": {
			"count": 1292,
			"minutes": 3240.360000000001
		},
		"Um atkvæðagreiðslu": {
			"count": 35,
			"minutes": 33.080000000000005
		},
		"Grein fyrir atkvæði": {
			"count": 16,
			"minutes": 13.469999999999999
		},
		"Um fundarstjórn": {
			"count": 10,
			"minutes": 10.190000000000001
		}
	},
	"46": {
		"Ræða": {
			"count": 129,
			"minutes": 485.24
		},
		"Andsvar": {
			"count": 99,
			"minutes": 163.37
		},
		"Flutningsræða": {
			"count": 4,
			"minutes": 33.31
		},
		"Um atkvæðagreiðslu": {
			"count": 11,
			"minutes": 12.139999999999999
		},
		"Samtals": {
			"count": 254,
			"minutes": 703.58
		},
		"Grein fyrir atkvæði": {
			"count": 9,
			"minutes": 7.15
		},
		"Um fundarstjórn": {
			"count": 2,
			"minutes": 2.37
		}
	},
	"47": {
		"Andsvar": {
			"count": 224,
			"minutes": 363.54999999999995
		},
		"Ræða": {
			"count": 199,
			"minutes": 713.88
		},
		"Flutningsræða": {
			"count": 11,
			"minutes": 83.03
		},
		"Um atkvæðagreiðslu": {
			"count": 16,
			"minutes": 16.380000000000003
		},
		"Um fundarstjórn": {
			"count": 6,
			"minutes": 5.37
		},
		"Grein fyrir atkvæði": {
			"count": 26,
			"minutes": 23.5
		},
		"Samtals": {
			"count": 482,
			"minutes": 1205.7100000000003
		}
	}
}