{
	"2": {
		"Ræða": {
			"count": 10591,
			"minutes": 43591.49
		},
		"Andsvar": {
			"count": 10400,
			"minutes": 17324.740000000005
		},
		"Flutningsræða": {
			"count": 1016,
			"minutes": 7939.610000000002
		},
		"Grein fyrir atkvæði": {
			"count": 996,
			"minutes": 909.6299999999997
		},
		"Um atkvæðagreiðslu": {
			"count": 876,
			"minutes": 894.0999999999998
		},
		"Um fundarstjórn": {
			"count": 656,
			"minutes": 706.33
		},
		"Samtals": {
			"count": 24784,
			"minutes": 72135.28999999996
		},
		"Ber af sér sakir": {
			"count": 2,
			"minutes": 1.8900000000000001
		},
		"Svar": {
			"count": 247,
			"minutes": 767.4999999999999
		}
	},
	"17": {
		"Ræða": {
			"count": 362,
			"minutes": 2160.89
		},
		"Andsvar": {
			"count": 468,
			"minutes": 847.46
		},
		"Grein fyrir atkvæði": {
			"count": 92,
			"minutes": 83.07
		},
		"Um atkvæðagreiðslu": {
			"count": 88,
			"minutes": 89.03
		},
		"Samtals": {
			"count": 1050,
			"minutes": 3693.9599999999996
		},
		"Flutningsræða": {
			"count": 38,
			"minutes": 511.09000000000003
		},
		"Um fundarstjórn": {
			"count": 2,
			"minutes": 2.42
		}
	},
	"23": {
		"Ræða": {
			"count": 14195,
			"minutes": 58061.29
		},
		"Andsvar": {
			"count": 12651,
			"minutes": 21693.94
		},
		"Flutningsræða": {
			"count": 1356,
			"minutes": 11130.940000000008
		},
		"Grein fyrir atkvæði": {
			"count": 1130,
			"minutes": 1088.9299999999998
		},
		"Um atkvæðagreiðslu": {
			"count": 1119,
			"minutes": 1177
		},
		"Um fundarstjórn": {
			"count": 1001,
			"minutes": 1169.54
		},
		"Samtals": {
			"count": 32079,
			"minutes": 96292.29000000001
		},
		"Svar": {
			"count": 622,
			"minutes": 1966.02
		},
		"Ber af sér sakir": {
			"count": 5,
			"minutes": 4.63
		}
	},
	"32": {
		"Ræða": {
			"count": 1015,
			"minutes": 5616.43
		},
		"Flutningsræða": {
			"count": 95,
			"minutes": 867.8199999999999
		},
		"Andsvar": {
			"count": 673,
			"minutes": 1214.3
		},
		"Um atkvæðagreiðslu": {
			"count": 20,
			"minutes": 22.89
		},
		"Um fundarstjórn": {
			"count": 43,
			"minutes": 45.24
		},
		"Samtals": {
			"count": 1867,
			"minutes": 7783.16
		},
		"Grein fyrir atkvæði": {
			"count": 21,
			"minutes": 16.48
		}
	},
	"35": {
		"Ræða": {
			"count": 18263,
			"minutes": 80025.70999999996
		},
		"Flutningsræða": {
			"count": 1843,
			"minutes": 13509.570000000009
		},
		"Andsvar": {
			"count": 18860,
			"minutes": 31773.859999999982
		},
		"Samtals": {
			"count": 44029,
			"minutes": 131770.2300000001
		},
		"Svar": {
			"count": 618,
			"minutes": 1914.74
		},
		"Grein fyrir atkvæði": {
			"count": 1675,
			"minutes": 1546.9100000000017
		},
		"Um atkvæðagreiðslu": {
			"count": 1388,
			"minutes": 1468.6899999999998
		},
		"Um fundarstjórn": {
			"count": 1372,
			"minutes": 1521.2099999999994
		},
		"Ber af sér sakir": {
			"count": 10,
			"minutes": 9.54
		}
	},
	"38": {
		"Ræða": {
			"count": 14372,
			"minutes": 52242.02
		},
		"Flutningsræða": {
			"count": 1331,
			"minutes": 9481.87
		},
		"Andsvar": {
			"count": 13414,
			"minutes": 22552.030000000017
		},
		"Grein fyrir atkvæði": {
			"count": 1345,
			"minutes": 1239.69
		},
		"Samtals": {
			"count": 33641,
			"minutes": 90085.16999999998
		},
		"Um atkvæðagreiðslu": {
			"count": 1403,
			"minutes": 1415.4199999999994
		},
		"Svar": {
			"count": 550,
			"minutes": 1747.4
		},
		"Um fundarstjórn": {
			"count": 1216,
			"minutes": 1395.8599999999994
		},
		"Ber af sér sakir": {
			"count": 10,
			"minutes": 10.879999999999999
		}
	},
	"41": {
		"Ræða": {
			"count": 89,
			"minutes": 411.3500000000001
		},
		"Andsvar": {
			"count": 56,
			"minutes": 66.37
		},
		"Grein fyrir atkvæði": {
			"count": 8,
			"minutes": 5.03
		},
		"Samtals": {
			"count": 158,
			"minutes": 495.92999999999995
		},
		"Um fundarstjórn": {
			"count": 3,
			"minutes": 2.28
		},
		"Flutningsræða": {
			"count": 2,
			"minutes": 10.9
		}
	},
	"42": {
		"Ræða": {
			"count": 862,
			"minutes": 3855.6499999999996
		},
		"Andsvar": {
			"count": 714,
			"minutes": 982.81
		},
		"Flutningsræða": {
			"count": 45,
			"minutes": 466.1
		},
		"Grein fyrir atkvæði": {
			"count": 176,
			"minutes": 125.48000000000003
		},
		"Um fundarstjórn": {
			"count": 53,
			"minutes": 44.089999999999996
		},
		"Um atkvæðagreiðslu": {
			"count": 154,
			"minutes": 132.31
		},
		"Samtals": {
			"count": 2005,
			"minutes": 5606.8099999999995
		},
		"Ber af sér sakir": {
			"count": 1,
			"minutes": 0.37
		}
	},
	"43": {
		"Ræða": {
			"count": 4680,
			"minutes": 17889.669999999995
		},
		"Andsvar": {
			"count": 4740,
			"minutes": 7884.260000000002
		},
		"Um atkvæðagreiðslu": {
			"count": 841,
			"minutes": 822.0099999999998
		},
		"Flutningsræða": {
			"count": 205,
			"minutes": 1688.8500000000006
		},
		"Grein fyrir atkvæði": {
			"count": 620,
			"minutes": 524.89
		},
		"Samtals": {
			"count": 11477,
			"minutes": 29233.52999999999
		},
		"Um fundarstjórn": {
			"count": 388,
			"minutes": 421.47999999999996
		},
		"Ber af sér sakir": {
			"count": 2,
			"minutes": 1.5499999999999998
		},
		"Svar": {
			"count": 1,
			"minutes": 0.82
		}
	},
	"44": {
		"Ræða": {
			"count": 2108,
			"minutes": 7367.460000000001
		},
		"Andsvar": {
			"count": 1444,
			"minutes": 2275.36
		},
		"Um atkvæðagreiðslu": {
			"count": 248,
			"minutes": 250.85000000000005
		},
		"Samtals": {
			"count": 4278,
			"minutes": 11307.519999999999
		},
		"Grein fyrir atkvæði": {
			"count": 183,
			"minutes": 178.58999999999995
		},
		"Flutningsræða": {
			"count": 124,
			"minutes": 974.37
		},
		"Um fundarstjórn": {
			"count": 143,
			"minutes": 164.97
		},
		"Svar": {
			"count": 28,
			"minutes": 95.92
		}
	},
	"45": {
		"Ræða": {
			"count": 2167,
			"minutes": 8233.920000000002
		},
		"Andsvar": {
			"count": 1780,
			"minutes": 2978.0499999999997
		},
		"Flutningsræða": {
			"count": 114,
			"minutes": 1101.86
		},
		"Svar": {
			"count": 34,
			"minutes": 119.28999999999999
		},
		"Samtals": {
			"count": 4575,
			"minutes": 12910.48
		},
		"Um atkvæðagreiðslu": {
			"count": 243,
			"minutes": 252.71999999999997
		},
		"Grein fyrir atkvæði": {
			"count": 182,
			"minutes": 163.44
		},
		"Um fundarstjórn": {
			"count": 55,
			"minutes": 61.2
		}
	},
	"46": {
		"Ræða": {
			"count": 1563,
			"minutes": 6471.88
		},
		"Andsvar": {
			"count": 1359,
			"minutes": 2349.4999999999995
		},
		"Flutningsræða": {
			"count": 72,
			"minutes": 813.1099999999999
		},
		"Um atkvæðagreiðslu": {
			"count": 152,
			"minutes": 129.87
		},
		"Grein fyrir atkvæði": {
			"count": 96,
			"minutes": 77.63
		},
		"Samtals": {
			"count": 3282,
			"minutes": 9884.470000000001
		},
		"Um fundarstjórn": {
			"count": 40,
			"minutes": 42.48
		}
	},
	"47": {
		"Ræða": {
			"count": 3323,
			"minutes": 18474.600000000002
		},
		"Andsvar": {
			"count": 4985,
			"minutes": 9124.969999999998
		},
		"Um atkvæðagreiðslu": {
			"count": 298,
			"minutes": 286.05
		},
		"Flutningsræða": {
			"count": 103,
			"minutes": 1020.2700000000002
		},
		"Grein fyrir atkvæði": {
			"count": 241,
			"minutes": 215.57999999999998
		},
		"Um fundarstjórn": {
			"count": 209,
			"minutes": 229.67
		},
		"Samtals": {
			"count": 9162,
			"minutes": 29353.859999999997
		},
		"Ber af sér sakir": {
			"count": 3,
			"minutes": 2.72
		}
	}
}