{
	"2": {
		"Ræða": {
			"count": 8702,
			"minutes": 36682.85999999999
		},
		"Andsvar": {
			"count": 8968,
			"minutes": 14918.620000000003
		},
		"Flutningsræða": {
			"count": 815,
			"minutes": 6369.750000000001
		},
		"Grein fyrir atkvæði": {
			"count": 915,
			"minutes": 838.91
		},
		"Um atkvæðagreiðslu": {
			"count": 729,
			"minutes": 752.5999999999998
		},
		"Um fundarstjórn": {
			"count": 650,
			"minutes": 702.1300000000001
		},
		"Samtals": {
			"count": 20947,
			"minutes": 60765.090000000004
		},
		"Ber af sér sakir": {
			"count": 2,
			"minutes": 1.8900000000000001
		},
		"Svar": {
			"count": 166,
			"minutes": 498.3299999999999
		}
	},
	"17": {
		"Ræða": {
			"count": 199,
			"minutes": 1175.26
		},
		"Andsvar": {
			"count": 296,
			"minutes": 505.63000000000005
		},
		"Grein fyrir atkvæði": {
			"count": 74,
			"minutes": 67
		},
		"Um atkvæðagreiðslu": {
			"count": 69,
			"minutes": 70.11
		},
		"Samtals": {
			"count": 660,
			"minutes": 2087.33
		},
		"Flutningsræða": {
			"count": 21,
			"minutes": 268.31
		},
		"Um fundarstjórn": {
			"count": 1,
			"minutes": 1.02
		}
	},
	"23": {
		"Ræða": {
			"count": 10225,
			"minutes": 47066.96
		},
		"Andsvar": {
			"count": 10786,
			"minutes": 18440.46
		},
		"Flutningsræða": {
			"count": 1144,
			"minutes": 9273.080000000004
		},
		"Grein fyrir atkvæði": {
			"count": 916,
			"minutes": 907.6399999999998
		},
		"Um atkvæðagreiðslu": {
			"count": 867,
			"minutes": 923.84
		},
		"Um fundarstjórn": {
			"count": 972,
			"minutes": 1138.3700000000003
		},
		"Samtals": {
			"count": 25484,
			"minutes": 79540.73999999999
		},
		"Svar": {
			"count": 571,
			"minutes": 1787.31
		},
		"Ber af sér sakir": {
			"count": 3,
			"minutes": 3.08
		}
	},
	"32": {
		"Ræða": {
			"count": 1015,
			"minutes": 5616.43
		},
		"Flutningsræða": {
			"count": 95,
			"minutes": 867.8199999999999
		},
		"Andsvar": {
			"count": 673,
			"minutes": 1214.3
		},
		"Um atkvæðagreiðslu": {
			"count": 20,
			"minutes": 22.89
		},
		"Um fundarstjórn": {
			"count": 43,
			"minutes": 45.24
		},
		"Samtals": {
			"count": 1867,
			"minutes": 7783.16
		},
		"Grein fyrir atkvæði": {
			"count": 21,
			"minutes": 16.48
		}
	},
	"35": {
		"Ræða": {
			"count": 15104,
			"minutes": 68720.83000000003
		},
		"Flutningsræða": {
			"count": 1385,
			"minutes": 10140.609999999999
		},
		"Andsvar": {
			"count": 15836,
			"minutes": 26489.239999999983
		},
		"Samtals": {
			"count": 36806,
			"minutes": 110931.98000000005
		},
		"Svar": {
			"count": 499,
			"minutes": 1515.43
		},
		"Grein fyrir atkvæði": {
			"count": 1530,
			"minutes": 1413.2700000000002
		},
		"Um atkvæðagreiðslu": {
			"count": 1115,
			"minutes": 1169.8399999999995
		},
		"Um fundarstjórn": {
			"count": 1328,
			"minutes": 1473.9999999999995
		},
		"Ber af sér sakir": {
			"count": 9,
			"minutes": 8.76
		}
	},
	"38": {
		"Ræða": {
			"count": 12231,
			"minutes": 42979.810000000005
		},
		"Flutningsræða": {
			"count": 1252,
			"minutes": 8665.39
		},
		"Andsvar": {
			"count": 11819,
			"minutes": 19767.81000000001
		},
		"Grein fyrir atkvæði": {
			"count": 1050,
			"minutes": 961.0299999999999
		},
		"Samtals": {
			"count": 29156,
			"minutes": 76565.89999999995
		},
		"Um atkvæðagreiðslu": {
			"count": 1091,
			"minutes": 1104.4699999999996
		},
		"Svar": {
			"count": 550,
			"minutes": 1747.4
		},
		"Um fundarstjórn": {
			"count": 1156,
			"minutes": 1331.9699999999998
		},
		"Ber af sér sakir": {
			"count": 7,
			"minutes": 8.02
		}
	},
	"41": {
		"Ræða": {
			"count": 89,
			"minutes": 411.3500000000001
		},
		"Andsvar": {
			"count": 56,
			"minutes": 66.37
		},
		"Grein fyrir atkvæði": {
			"count": 8,
			"minutes": 5.03
		},
		"Samtals": {
			"count": 158,
			"minutes": 495.92999999999995
		},
		"Um fundarstjórn": {
			"count": 3,
			"minutes": 2.28
		},
		"Flutningsræða": {
			"count": 2,
			"minutes": 10.9
		}
	},
	"42": {
		"Ræða": {
			"count": 862,
			"minutes": 3855.6499999999996
		},
		"Andsvar": {
			"count": 714,
			"minutes": 982.81
		},
		"Flutningsræða": {
			"count": 45,
			"minutes": 466.1
		},
		"Grein fyrir atkvæði": {
			"count": 176,
			"minutes": 125.48000000000003
		},
		"Um fundarstjórn": {
			"count": 53,
			"minutes": 44.089999999999996
		},
		"Um atkvæðagreiðslu": {
			"count": 154,
			"minutes": 132.31
		},
		"Samtals": {
			"count": 2005,
			"minutes": 5606.8099999999995
		},
		"Ber af sér sakir": {
			"count": 1,
			"minutes": 0.37
		}
	},
	"43": {
		"Ræða": {
			"count": 2417,
			"minutes": 8438.529999999999
		},
		"Andsvar": {
			"count": 2517,
			"minutes": 4009.5000000000005
		},
		"Um atkvæðagreiðslu": {
			"count": 410,
			"minutes": 380.0099999999999
		},
		"Flutningsræða": {
			"count": 103,
			"minutes": 850.0999999999999
		},
		"Grein fyrir atkvæði": {
			"count": 264,
			"minutes": 216.76999999999992
		},
		"Samtals": {
			"count": 5981,
			"minutes": 14182.829999999996
		},
		"Um fundarstjórn": {
			"count": 270,
			"minutes": 287.92
		}
	},
	"44": {
		"Ræða": {
			"count": 2107,
			"minutes": 7367.270000000001
		},
		"Andsvar": {
			"count": 1444,
			"minutes": 2275.36
		},
		"Um atkvæðagreiðslu": {
			"count": 248,
			"minutes": 250.85000000000005
		},
		"Samtals": {
			"count": 4277,
			"minutes": 11307.33
		},
		"Grein fyrir atkvæði": {
			"count": 183,
			"minutes": 178.58999999999995
		},
		"Flutningsræða": {
			"count": 124,
			"minutes": 974.37
		},
		"Um fundarstjórn": {
			"count": 143,
			"minutes": 164.97
		},
		"Svar": {
			"count": 28,
			"minutes": 95.92
		}
	},
	"45": {
		"Ræða": {
			"count": 497,
			"minutes": 1550.64
		},
		"Andsvar": {
			"count": 518,
			"minutes": 759.48
		},
		"Flutningsræða": {
			"count": 54,
			"minutes": 416.08999999999986
		},
		"Svar": {
			"count": 34,
			"minutes": 119.28999999999999
		},
		"Samtals": {
			"count": 1146,
			"minutes": 2884.7000000000003
		},
		"Um atkvæðagreiðslu": {
			"count": 27,
			"minutes": 24.82
		},
		"Grein fyrir atkvæði": {
			"count": 12,
			"minutes": 10.59
		},
		"Um fundarstjórn": {
			"count": 4,
			"minutes": 3.79
		}
	},
	"46": {
		"Andsvar": {
			"count": 53,
			"minutes": 83.61
		},
		"Ræða": {
			"count": 70,
			"minutes": 262.21
		},
		"Flutningsræða": {
			"count": 3,
			"minutes": 28.03
		},
		"Um atkvæðagreiðslu": {
			"count": 6,
			"minutes": 5.859999999999999
		},
		"Samtals": {
			"count": 140,
			"minutes": 385.85
		},
		"Grein fyrir atkvæði": {
			"count": 8,
			"minutes": 6.140000000000001
		}
	},
	"47": {
		"Andsvar": {
			"count": 145,
			"minutes": 234.35999999999999
		},
		"Ræða": {
			"count": 133,
			"minutes": 503.9100000000001
		},
		"Flutningsræða": {
			"count": 6,
			"minutes": 38.03
		},
		"Um atkvæðagreiðslu": {
			"count": 12,
			"minutes": 11.83
		},
		"Grein fyrir atkvæði": {
			"count": 23,
			"minutes": 20.71
		},
		"Samtals": {
			"count": 319,
			"minutes": 808.84
		}
	}
}